what,kind,bundleId,bundleVersion,description,time
java.runtime.name,sysinfo,,,"Java(TM) SE Runtime Environment",1432391280429
java.runtime.version,sysinfo,,,"1.6.0_27-b07",1432391280429
java.specification.name,sysinfo,,,"Java Platform API Specification",1432391280429
java.specification.vendor,sysinfo,,,"Sun Microsystems Inc.",1432391280429
java.specification.version,sysinfo,,,"1.6",1432391280429
java.vendor,sysinfo,,,"Sun Microsystems Inc.",1432391280429
java.version,sysinfo,,,"1.6.0_27",1432391280429
java.vm.info,sysinfo,,,"mixed mode",1432391280429
java.vm.name,sysinfo,,,"Java HotSpot(TM) 64-Bit Server VM",1432391280429
java.vm.specification.name,sysinfo,,,"Java Virtual Machine Specification",1432391280429
java.vm.specification.vendor,sysinfo,,,"Sun Microsystems Inc.",1432391280429
java.vm.specification.version,sysinfo,,,"1.0",1432391280429
java.vm.vendor,sysinfo,,,"Sun Microsystems Inc.",1432391280429
java.vm.version,sysinfo,,,"20.2-b06",1432391280429
started,bundle,org.eclipse.ui.browser,3.3.100.v20110426,"org.eclipse.ui.browser",1432391381315
started,bundle,org.eclipse.wst.server.core,1.1.302.v20110518,"org.eclipse.wst.server.core",1432391381486
started,bundle,org.eclipse.wst.server.ui,1.1.305.v20110511,"org.eclipse.wst.server.ui",1432391381502
activated,view,org.eclipse.ui.navigator.resources,3.4.300.I20110421-1800,"org.eclipse.ui.navigator.ProjectExplorer",1432391421687
opened,editor,org.eclipse.ui.browser,3.3.100.v20110426,"org.eclipse.ui.browser.editor",1432391430923
activated,editor,org.eclipse.ui.browser,3.3.100.v20110426,"org.eclipse.ui.browser.editor",1432391430938
opened,editor,org.eclipse.ui.browser,3.3.100.v20110426,"org.eclipse.ui.browser.editor",1432391431110
activated,editor,org.eclipse.ui.browser,3.3.100.v20110426,"org.eclipse.ui.browser.editor",1432391431141
activated,view,org.eclipse.ui.views,3.6.0.I20110412-0800,"org.eclipse.ui.views.ContentOutline",1432391456265
opened,view,org.eclipse.mylyn.tasks.ui,3.6.0.v20110608-1400,"org.eclipse.mylyn.tasks.ui.views.tasks",1432391464221
activated,view,org.eclipse.mylyn.tasks.ui,3.6.0.v20110608-1400,"org.eclipse.mylyn.tasks.ui.views.tasks",1432391466827
activated,editor,org.eclipse.ui.browser,3.3.100.v20110426,"org.eclipse.ui.browser.editor",1432391486517
deactivated,workbench,org.eclipse.ui.workbench,3.7.0.I20110519-0100,"",1432391486850
activated,workbench,org.eclipse.ui.workbench,3.7.0.I20110519-0100,"",1432391516172
activated,view,org.eclipse.ui,3.7.0.I20110602-0100,"org.eclipse.ui.internal.introview",1432391516328
deactivated,workbench,org.eclipse.ui.workbench,3.7.0.I20110519-0100,"",1432391571746
activated,workbench,org.eclipse.ui.workbench,3.7.0.I20110519-0100,"",1432391607893
activated,editor,org.eclipse.ui.browser,3.3.100.v20110426,"org.eclipse.ui.browser.editor",1432391615896
activated,editor,org.eclipse.ui.browser,3.3.100.v20110426,"org.eclipse.ui.browser.editor",1432391615927
closed,editor,org.eclipse.ui.browser,3.3.100.v20110426,"org.eclipse.ui.browser.editor",1432391615927
activated,view,org.eclipse.ui,3.7.0.I20110602-0100,"org.eclipse.ui.internal.introview",1432391617579
closed,editor,org.eclipse.ui.browser,3.3.100.v20110426,"org.eclipse.ui.browser.editor",1432391617579
activated,view,org.eclipse.ui.navigator.resources,3.4.300.I20110421-1800,"org.eclipse.ui.navigator.ProjectExplorer",1432391618800
deactivated,workbench,org.eclipse.ui.workbench,3.7.0.I20110519-0100,"",1432391624697
activated,workbench,org.eclipse.ui.workbench,3.7.0.I20110519-0100,"",1432391685521
deactivated,workbench,org.eclipse.ui.workbench,3.7.0.I20110519-0100,"",1432391687799
activated,workbench,org.eclipse.ui.workbench,3.7.0.I20110519-0100,"",1432391692994
opened,view,org.eclipse.wst.server.ui,1.1.305.v20110511,"org.eclipse.wst.server.ui.ServersView",1432391698126
activated,view,org.eclipse.wst.server.ui,1.1.305.v20110511,"org.eclipse.wst.server.ui.ServersView",1432391698157
started,bundle,org.eclipse.debug.core,3.7.0.v20110518,"org.eclipse.debug.core",1432391698266
deactivated,workbench,org.eclipse.ui.workbench,3.7.0.I20110519-0100,"",1432391713149
activated,workbench,org.eclipse.ui.workbench,3.7.0.I20110519-0100,"",1432391715192
closed,workbench,org.eclipse.ui.workbench,3.7.0.I20110519-0100,"",1432391715437
started,bundle,org.eclipse.compare.core,3.5.200.I20110208-0800,"org.eclipse.compare.core",1432391715887
started,bundle,org.eclipse.compare,3.5.200.I20110525-0800,"org.eclipse.compare",1432391715902
stopped,bundle,org.eclipse.jst.ws.axis.creation.ui,1.0.700.v201104070312,"org.eclipse.jst.ws.axis.creation.ui",1432391716027
stopped,bundle,org.eclipse.jst.ws.axis.consumption.ui,1.0.505.v201004211805,"org.eclipse.jst.ws.axis.consumption.ui",1432391716043
stopped,bundle,org.eclipse.jst.ws.axis.consumption.core,1.0.407.v201104071820,"org.eclipse.jst.ws.axis.consumption.core",1432391716043
stopped,bundle,org.eclipse.jst.ws.axis2.creation.ui,1.0.104.v201004211805,"org.eclipse.jst.ws.axis2.creation.ui",1432391716043
stopped,bundle,org.eclipse.jst.ws.axis2.consumption.ui,1.0.103.v201004211805,"org.eclipse.jst.ws.axis2.consumption.ui",1432391716043
stopped,bundle,org.eclipse.jst.ws.axis2.creation.core,1.0.106.v201004211805,"org.eclipse.jst.ws.axis2.creation.core",1432391716043
stopped,bundle,org.eclipse.jst.ws.axis2.consumption.core,1.0.105.v201004211805,"org.eclipse.jst.ws.axis2.consumption.core",1432391716043
stopped,bundle,org.eclipse.jst.ws.axis2.ui,1.0.303.v201003110431,"org.eclipse.jst.ws.axis2.ui",1432391716043
stopped,bundle,org.eclipse.jst.ws.axis2.core,1.0.204.v201004211805,"org.eclipse.jst.ws.axis2.core",1432391716043
stopped,bundle,org.eclipse.jst.ws.cxf.creation.ui,1.0.100.v201104022153,"org.eclipse.jst.ws.cxf.creation.ui",1432391716043
stopped,bundle,org.eclipse.jst.ws.creation.ui,1.0.609.v201103082016,"org.eclipse.jst.ws.creation.ui",1432391716043
stopped,bundle,org.eclipse.jst.ws.cxf.consumption.ui,1.0.0.v201003222311,"org.eclipse.jst.ws.cxf.consumption.ui",1432391716043
stopped,bundle,org.eclipse.jst.ws.consumption.ui,1.1.400.v201103082016,"org.eclipse.jst.ws.consumption.ui",1432391716043
stopped,bundle,org.eclipse.jst.ws.consumption,1.0.600.v201103082016,"org.eclipse.jst.ws.consumption",1432391716043
stopped,bundle,org.eclipse.jst.ws.cxf.consumption.core,1.0.0.v201003222311,"org.eclipse.jst.ws.cxf.consumption.core",1432391716043
stopped,bundle,org.eclipse.jst.ws.cxf.creation.core,1.0.100.v201104022153,"org.eclipse.jst.ws.cxf.creation.core",1432391716043
stopped,bundle,org.eclipse.jst.ws.cxf.ui,1.0.0.v201004171919,"org.eclipse.jst.ws.cxf.ui",1432391716043
stopped,bundle,org.eclipse.jst.ws.cxf.core,1.0.100.v201104022153,"org.eclipse.jst.ws.cxf.core",1432391716043
stopped,bundle,org.eclipse.jst.ws.uddiregistry,1.0.500.v201004211805,"org.eclipse.jst.ws.uddiregistry",1432391716043
stopped,bundle,org.eclipse.jst.ws.ui,1.0.403.v201004211805,"org.eclipse.jst.ws.ui",1432391716043
stopped,bundle,org.eclipse.jst.ws,1.0.508.v201104071820,"org.eclipse.jst.ws",1432391716043
stopped,bundle,org.eclipse.wst.ws.explorer,1.0.607.v201103082002,"org.eclipse.wst.ws.explorer",1432391716043
stopped,bundle,org.eclipse.wst.wsdl.ui,1.2.402.v201105050214,"org.eclipse.wst.wsdl.ui",1432391716043
stopped,bundle,org.eclipse.wst.ws.ui,1.1.200.v201004211805,"org.eclipse.wst.ws.ui",1432391716043
stopped,bundle,org.eclipse.wst.wsi.ui,1.0.502.v201104071820,"org.eclipse.wst.wsi.ui",1432391716043
stopped,bundle,org.eclipse.wst.wsi,1.0.401.v201104071820,"org.eclipse.wst.wsi",1432391716043
stopped,bundle,org.eclipse.wst.ws,1.1.203.v201004211805,"org.eclipse.wst.ws",1432391716058
stopped,bundle,org.eclipse.jst.j2ee.webservice.ui,1.1.500.v201105122000,"org.eclipse.jst.j2ee.webservice.ui",1432391716058
stopped,bundle,org.eclipse.jst.j2ee.webservice,1.1.400.v201004110600,"org.eclipse.jst.j2ee.webservice",1432391716058
stopped,bundle,org.eclipse.wst.ws.parser,1.0.403.v201004211805,"org.eclipse.wst.ws.parser",1432391716058
stopped,bundle,org.eclipse.jpt.dbws.eclipselink.ui,1.0.0.v201104110000,"org.eclipse.jpt.dbws.eclipselink.ui",1432391716058
stopped,bundle,org.eclipse.jst.ws.jaxws.ui,1.0.100.v201104032053,"org.eclipse.jst.ws.jaxws.ui",1432391716058
stopped,bundle,org.eclipse.jst.ws.jaxws.core,1.0.100.v201104031139,"org.eclipse.jst.ws.jaxws.core",1432391716058
stopped,bundle,org.eclipse.mylyn.bugzilla.ui,3.6.0.v20110608-1400,"org.eclipse.mylyn.bugzilla.ui",1432391716058
stopped,bundle,org.eclipse.mylyn.bugzilla.core,3.6.0.v20110608-1400,"org.eclipse.mylyn.bugzilla.core",1432391716058
stopped,bundle,org.eclipse.mylyn.commons.xmlrpc,3.6.0.v20110608-1400,"org.eclipse.mylyn.commons.xmlrpc",1432391716058
stopped,bundle,org.eclipse.datatools.enablement.oda.ws.ui,1.2.2.v201105111200,"org.eclipse.datatools.enablement.oda.ws.ui",1432391716058
stopped,bundle,org.eclipse.datatools.enablement.oda.ws,1.2.2.v201011041216,"org.eclipse.datatools.enablement.oda.ws",1432391716058
stopped,bundle,org.eclipse.wst.wsdl,1.2.201.v201103211934,"org.eclipse.wst.wsdl",1432391716058
stopped,bundle,org.eclipse.wst.wsdl.validation,1.1.502.v201104071820,"org.eclipse.wst.wsdl.validation",1432391716058
stopped,bundle,org.eclipse.wst.xsl.exslt.ui,1.0.0.v201006012005,"org.eclipse.wst.xsl.exslt.ui",1432391716058
stopped,bundle,org.eclipse.wst.xsl.jaxp.debug.ui,1.0.200.v201103081922,"org.eclipse.wst.xsl.jaxp.debug.ui",1432391716058
stopped,bundle,org.eclipse.wst.xsl.ui,1.1.200.v201103082057,"org.eclipse.wst.xsl.ui",1432391716058
stopped,bundle,org.eclipse.wst.xml.xpath.ui,1.1.100.v201105030025,"org.eclipse.wst.xml.xpath.ui",1432391716058
stopped,bundle,org.eclipse.wst.xsl.debug.ui,1.0.200.v201101281837,"org.eclipse.wst.xsl.debug.ui",1432391716058
stopped,bundle,org.eclipse.wst.xsl.jaxp.launching,1.0.200.v201103081922,"org.eclipse.wst.xsl.jaxp.launching",1432391716058
stopped,bundle,org.eclipse.wst.xsl.launching,1.0.200.v201103081922,"org.eclipse.wst.xsl.launching",1432391716058
stopped,bundle,org.eclipse.wst.xsl.core,1.1.100.v201102270516,"org.eclipse.wst.xsl.core",1432391716058
stopped,bundle,org.eclipse.wst.xml.xpath.core,1.2.0.v201105030025,"org.eclipse.wst.xml.xpath.core",1432391716058
stopped,bundle,org.eclipse.datatools.enablement.oda.xml.ui,1.2.1.v201104211630,"org.eclipse.datatools.enablement.oda.xml.ui",1432391716058
stopped,bundle,org.eclipse.datatools.enablement.oda.xml,1.2.1.v201104121500,"org.eclipse.datatools.enablement.oda.xml",1432391716058
stopped,bundle,org.eclipse.jst.jsf.apache.trinidad.tagsupport,1.1.200.v201104061711,"org.eclipse.jst.jsf.apache.trinidad.tagsupport",1432391716074
stopped,bundle,org.eclipse.jst.jsf.facelet.ui,1.0.1.v201104032306,"org.eclipse.jst.jsf.facelet.ui",1432391716074
stopped,bundle,org.eclipse.jst.jsf.facelet.core,1.0.100.v201104191527,"org.eclipse.jst.jsf.facelet.core",1432391716074
stopped,bundle,org.eclipse.jst.jsf.facesconfig.ui,1.2.2.v201103292152,"org.eclipse.jst.jsf.facesconfig.ui",1432391716074
stopped,bundle,org.eclipse.jst.jsf.ui,1.3.2.v201104251204,"org.eclipse.jst.jsf.ui",1432391716074
stopped,bundle,org.eclipse.jst.pagedesigner.jsf.ui,1.2.100.v201104061711,"org.eclipse.jst.pagedesigner.jsf.ui",1432391716074
stopped,bundle,org.eclipse.jst.pagedesigner,1.3.3.v201104032306,"org.eclipse.jst.pagedesigner",1432391716074
stopped,bundle,org.eclipse.jst.jsf.core,1.3.5.v201105031140,"org.eclipse.jst.jsf.core",1432391716074
stopped,bundle,org.eclipse.jst.jsf.common.ui,1.2.100.v201104061711,"org.eclipse.jst.jsf.common.ui",1432391716074
stopped,bundle,org.eclipse.jst.jsf.standard.tagsupport,1.2.100.v201104061711,"org.eclipse.jst.jsf.standard.tagsupport",1432391716074
stopped,bundle,org.eclipse.jst.pagedesigner.jsp.core,1.2.0.v20100308,"org.eclipse.jst.pagedesigner.jsp.core",1432391716074
stopped,bundle,org.eclipse.jst.jsf.common,1.2.3.v201104061039,"org.eclipse.jst.jsf.common",1432391716074
stopped,bundle,org.eclipse.wst.jsdt.web.support.jsp,1.0.400.v201102241833,"org.eclipse.wst.jsdt.web.support.jsp",1432391716074
stopped,bundle,org.eclipse.jst.jsp.ui,1.1.600.v201105092017,"org.eclipse.jst.jsp.ui",1432391716074
stopped,bundle,org.eclipse.jst.jsp.core,1.2.400.v201105162116,"org.eclipse.jst.jsp.core",1432391716074
stopped,bundle,org.eclipse.wst.jsdt.web.ui,1.0.400.v201103080228,"org.eclipse.wst.jsdt.web.ui",1432391716074
stopped,bundle,org.eclipse.jpt.jaxb.eclipselink.ui,1.1.0.v201105110000,"org.eclipse.jpt.jaxb.eclipselink.ui",1432391716074
stopped,bundle,org.eclipse.jpt.jaxb.ui,1.1.0.v201105180000,"org.eclipse.jpt.jaxb.ui",1432391716074
stopped,bundle,org.eclipse.jpt.jpa.eclipselink.ui,2.0.0.v201104270001,"org.eclipse.jpt.jpa.eclipselink.ui",1432391716074
stopped,bundle,org.eclipse.jpt.jpa.ui,3.0.0.v201105170000,"org.eclipse.jpt.jpa.ui",1432391716074
activated,perspective,org.eclipse.jst.j2ee.ui,,"org.eclipse.jst.j2ee.J2EEPerspective",1432391743632
started,bundle,org.eclipse.osgi,3.7.0.v20110613,"org.eclipse.osgi",1432391743632
started,bundle,org.eclipse.equinox.simpleconfigurator,1.0.200.v20110502-1955,"org.eclipse.equinox.simpleconfigurator",1432391743632
started,bundle,com.ibm.icu,4.4.2.v20110208,"com.ibm.icu",1432391743632
started,bundle,org.eclipse.core.contenttype,3.4.100.v20110423-0524,"org.eclipse.core.contenttype",1432391743632
started,bundle,org.eclipse.core.databinding.observable,1.4.0.I20110222-0800,"org.eclipse.core.databinding.observable",1432391743632
started,bundle,org.eclipse.core.expressions,3.4.300.v20110228,"org.eclipse.core.expressions",1432391743632
started,bundle,org.eclipse.core.filebuffers,3.5.200.v20110505-0800,"org.eclipse.core.filebuffers",1432391743632
started,bundle,org.eclipse.core.filesystem,1.3.100.v20110423-0524,"org.eclipse.core.filesystem",1432391743632
started,bundle,org.eclipse.core.jobs,3.5.100.v20110404,"org.eclipse.core.jobs",1432391743632
started,bundle,org.eclipse.core.net,1.2.100.I20110511-0800,"org.eclipse.core.net",1432391743632
started,bundle,org.eclipse.core.resources,3.7.100.v20110510-0712,"org.eclipse.core.resources",1432391743648
started,bundle,org.eclipse.core.runtime,3.7.0.v20110110,"org.eclipse.core.runtime",1432391743648
started,bundle,org.eclipse.core.runtime.compatibility,3.2.100.v20100505,"org.eclipse.core.runtime.compatibility",1432391743648
started,bundle,org.eclipse.core.runtime.compatibility.auth,3.2.200.v20110110,"org.eclipse.core.runtime.compatibility.auth",1432391743648
started,bundle,org.eclipse.debug.core,3.7.0.v20110518,"org.eclipse.debug.core",1432391743648
started,bundle,org.eclipse.emf.common,2.7.0.v20110605-0747,"org.eclipse.emf.common",1432391743648
started,bundle,org.eclipse.emf.common.ui,2.7.0.v20110606-0949,"org.eclipse.emf.common.ui",1432391743648
started,bundle,org.eclipse.emf.ecore,2.7.0.v20110605-0747,"org.eclipse.emf.ecore",1432391743648
started,bundle,org.eclipse.emf.ecore.xmi,2.7.0.v20110520-1406,"org.eclipse.emf.ecore.xmi",1432391743648
started,bundle,org.eclipse.emf.edit,2.7.0.v20110606-0949,"org.eclipse.emf.edit",1432391743648
started,bundle,org.eclipse.emf.edit.ui,2.7.0.v20110606-0949,"org.eclipse.emf.edit.ui",1432391743648
started,bundle,org.eclipse.epp.mpc.ui,1.1.0.I20110525-0742,"org.eclipse.epp.mpc.ui",1432391743648
started,bundle,org.eclipse.epp.usagedata.gathering,1.3.1.R201106061540,"org.eclipse.epp.usagedata.gathering",1432391743648
started,bundle,org.eclipse.epp.usagedata.recording,1.3.1.R201106061540,"org.eclipse.epp.usagedata.recording",1432391743648
started,bundle,org.eclipse.equinox.app,1.3.100.v20110321,"org.eclipse.equinox.app",1432391743648
started,bundle,org.eclipse.equinox.common,3.6.0.v20110523,"org.eclipse.equinox.common",1432391743648
started,bundle,org.eclipse.equinox.ds,1.3.0.v20110502,"org.eclipse.equinox.ds",1432391743648
started,bundle,org.eclipse.equinox.event,1.2.100.v20110502,"org.eclipse.equinox.event",1432391743648
started,bundle,org.eclipse.equinox.p2.core,2.1.0.v20110502-1955,"org.eclipse.equinox.p2.core",1432391743648
started,bundle,org.eclipse.equinox.p2.directorywatcher,1.0.300.v20110502-1955,"org.eclipse.equinox.p2.directorywatcher",1432391743648
started,bundle,org.eclipse.equinox.p2.engine,2.1.0.v20110511,"org.eclipse.equinox.p2.engine",1432391743648
started,bundle,org.eclipse.equinox.p2.metadata,2.1.0.v20110510,"org.eclipse.equinox.p2.metadata",1432391743663
started,bundle,org.eclipse.equinox.p2.metadata.repository,1.2.0.v20110511-1359,"org.eclipse.equinox.p2.metadata.repository",1432391743663
started,bundle,org.eclipse.equinox.p2.operations,2.1.0.v20110511-1821,"org.eclipse.equinox.p2.operations",1432391743663
started,bundle,org.eclipse.equinox.p2.reconciler.dropins,1.1.100.v20110510,"org.eclipse.equinox.p2.reconciler.dropins",1432391743663
started,bundle,org.eclipse.equinox.p2.repository,2.1.0.v20110601,"org.eclipse.equinox.p2.repository",1432391743663
started,bundle,org.eclipse.equinox.p2.ui.sdk.scheduler,1.0.100.v20110502-1955,"org.eclipse.equinox.p2.ui.sdk.scheduler",1432391743663
started,bundle,org.eclipse.equinox.p2.updatechecker,1.1.200.v20110502-1955,"org.eclipse.equinox.p2.updatechecker",1432391743663
started,bundle,org.eclipse.equinox.preferences,3.4.0.v20110502,"org.eclipse.equinox.preferences",1432391743663
started,bundle,org.eclipse.equinox.registry,3.5.100.v20110502,"org.eclipse.equinox.registry",1432391743663
started,bundle,org.eclipse.equinox.security,1.1.0.v20110502,"org.eclipse.equinox.security",1432391743663
started,bundle,org.eclipse.equinox.util,1.0.300.v20110502,"org.eclipse.equinox.util",1432391743663
started,bundle,org.eclipse.help,3.5.100.v20110426,"org.eclipse.help",1432391743663
started,bundle,org.eclipse.jdt.core,3.7.0.v_B61,"org.eclipse.jdt.core",1432391743663
started,bundle,org.eclipse.jdt.core.manipulation,1.4.0.v20110505-0800,"org.eclipse.jdt.core.manipulation",1432391743663
started,bundle,org.eclipse.jdt.ui,3.7.0.v20110531-1200,"org.eclipse.jdt.ui",1432391743663
started,bundle,org.eclipse.jem.util,2.1.100.v201103021400,"org.eclipse.jem.util",1432391743663
started,bundle,org.eclipse.jface,3.7.0.I20110522-1430,"org.eclipse.jface",1432391743663
started,bundle,org.eclipse.jsch.core,1.1.300.I20110514-0800,"org.eclipse.jsch.core",1432391743663
started,bundle,org.eclipse.jst.j2ee.webservice,1.1.400.v201004110600,"org.eclipse.jst.j2ee.webservice",1432391743679
started,bundle,org.eclipse.jst.j2ee.webservice.ui,1.1.500.v201105122000,"org.eclipse.jst.j2ee.webservice.ui",1432391743679
started,bundle,org.eclipse.jst.ws.jaxws.utils,1.0.0.v201004171919,"org.eclipse.jst.ws.jaxws.utils",1432391743679
started,bundle,org.eclipse.mylyn.bugzilla.core,3.6.0.v20110608-1400,"org.eclipse.mylyn.bugzilla.core",1432391743679
started,bundle,org.eclipse.mylyn.bugzilla.ui,3.6.0.v20110608-1400,"org.eclipse.mylyn.bugzilla.ui",1432391743679
started,bundle,org.eclipse.mylyn.commons.identity,0.8.0.v20110608-1400,"org.eclipse.mylyn.commons.identity",1432391743679
started,bundle,org.eclipse.mylyn.commons.net,3.6.0.v20110608-1400,"org.eclipse.mylyn.commons.net",1432391743679
started,bundle,org.eclipse.mylyn.commons.ui,3.6.0.v20110608-1400,"org.eclipse.mylyn.commons.ui",1432391743679
started,bundle,org.eclipse.mylyn.context.core,3.6.0.v20110608-1400,"org.eclipse.mylyn.context.core",1432391743679
started,bundle,org.eclipse.mylyn.context.ui,3.6.0.v20110608-1400,"org.eclipse.mylyn.context.ui",1432391743679
started,bundle,org.eclipse.mylyn.monitor.ui,3.6.0.v20110608-1400,"org.eclipse.mylyn.monitor.ui",1432391743679
started,bundle,org.eclipse.mylyn.tasks.ui,3.6.0.v20110608-1400,"org.eclipse.mylyn.tasks.ui",1432391743679
started,bundle,org.eclipse.mylyn.team.ui,3.6.0.v20110608-1400,"org.eclipse.mylyn.team.ui",1432391743679
started,bundle,org.eclipse.search,3.7.0.v20110505-0800,"org.eclipse.search",1432391743679
started,bundle,org.eclipse.team.core,3.6.0.I20110525-0800,"org.eclipse.team.core",1432391743679
started,bundle,org.eclipse.team.cvs.core,3.3.400.I20110510-0800,"org.eclipse.team.cvs.core",1432391743679
started,bundle,org.eclipse.team.cvs.ui,3.3.400.I20110510-0800,"org.eclipse.team.cvs.ui",1432391743679
started,bundle,org.eclipse.team.ui,3.6.100.I20110525-0800,"org.eclipse.team.ui",1432391743679
started,bundle,org.eclipse.ui,3.7.0.I20110602-0100,"org.eclipse.ui",1432391743679
started,bundle,org.eclipse.ui.console,3.5.100.v20110511,"org.eclipse.ui.console",1432391743679
started,bundle,org.eclipse.ui.editors,3.7.0.v20110517-0800,"org.eclipse.ui.editors",1432391743694
started,bundle,org.eclipse.ui.forms,3.5.100.v20110425,"org.eclipse.ui.forms",1432391743694
started,bundle,org.eclipse.ui.ide,3.7.0.I20110519-0100,"org.eclipse.ui.ide",1432391743694
started,bundle,org.eclipse.ui.intro,3.4.100.v20110425,"org.eclipse.ui.intro",1432391743694
started,bundle,org.eclipse.ui.intro.universal,3.2.500.v20110510,"org.eclipse.ui.intro.universal",1432391743694
started,bundle,org.eclipse.ui.navigator,3.5.100.I20110524-0800,"org.eclipse.ui.navigator",1432391743694
started,bundle,org.eclipse.ui.navigator.resources,3.4.300.I20110421-1800,"org.eclipse.ui.navigator.resources",1432391743694
started,bundle,org.eclipse.ui.net,1.2.100.I20110511-0800,"org.eclipse.ui.net",1432391743694
started,bundle,org.eclipse.ui.views,3.6.0.I20110412-0800,"org.eclipse.ui.views",1432391743694
started,bundle,org.eclipse.ui.workbench,3.7.0.I20110519-0100,"org.eclipse.ui.workbench",1432391743694
started,bundle,org.eclipse.ui.workbench.texteditor,3.7.0.v20110505-0800,"org.eclipse.ui.workbench.texteditor",1432391743694
started,bundle,org.eclipse.update.configurator,3.3.100.v20100512,"org.eclipse.update.configurator",1432391743694
started,bundle,org.eclipse.update.core,3.2.500.v20110330,"org.eclipse.update.core",1432391743694
started,bundle,org.eclipse.update.scheduler,3.2.300.v20100512,"org.eclipse.update.scheduler",1432391743694
started,bundle,org.eclipse.wst.common.emf,1.2.100.v201101101900,"org.eclipse.wst.common.emf",1432391743694
started,bundle,org.eclipse.wst.common.emfworkbench.integration,1.2.100.v201011172300,"org.eclipse.wst.common.emfworkbench.integration",1432391743694
started,bundle,org.eclipse.wst.common.frameworks,1.2.100.v201105122000,"org.eclipse.wst.common.frameworks",1432391743694
started,bundle,org.eclipse.wst.common.project.facet.core,1.4.200.v201103170332,"org.eclipse.wst.common.project.facet.core",1432391743694
started,bundle,org.eclipse.wst.server.core,1.1.302.v20110518,"org.eclipse.wst.server.core",1432391743694
started,bundle,org.eclipse.wst.server.ui,1.1.305.v20110511,"org.eclipse.wst.server.ui",1432391743694
started,bundle,org.eclipse.wst.web,1.1.500.v201104251400,"org.eclipse.wst.web",1432391743694
started,bundle,org.moreunit,3.0.5,"org.moreunit",1432391743710
started,bundle,org.moreunit.core,3.0.5,"org.moreunit.core",1432391743710
os,sysinfo,,,"win32",1432391743710
arch,sysinfo,,,"x86_64",1432391743710
ws,sysinfo,,,"win32",1432391743710
locale,sysinfo,,,"en_US",1432391743710
processors,sysinfo,,,"4",1432391743710
java.runtime.name,sysinfo,,,"Java(TM) SE Runtime Environment",1432391743710
java.runtime.version,sysinfo,,,"1.6.0_27-b07",1432391743710
java.specification.name,sysinfo,,,"Java Platform API Specification",1432391743710
java.specification.vendor,sysinfo,,,"Sun Microsystems Inc.",1432391743710
java.specification.version,sysinfo,,,"1.6",1432391743710
java.vendor,sysinfo,,,"Sun Microsystems Inc.",1432391743710
java.version,sysinfo,,,"1.6.0_27",1432391743710
java.vm.info,sysinfo,,,"mixed mode",1432391743710
java.vm.name,sysinfo,,,"Java HotSpot(TM) 64-Bit Server VM",1432391743710
java.vm.specification.name,sysinfo,,,"Java Virtual Machine Specification",1432391743710
java.vm.specification.vendor,sysinfo,,,"Sun Microsystems Inc.",1432391743710
java.vm.specification.version,sysinfo,,,"1.0",1432391743710
java.vm.vendor,sysinfo,,,"Sun Microsystems Inc.",1432391743710
java.vm.version,sysinfo,,,"20.2-b06",1432391743710
activated,workbench,org.eclipse.ui.workbench,3.7.0.I20110519-0100,"",1432393786611
deactivated,workbench,org.eclipse.ui.workbench,3.7.0.I20110519-0100,"",1432393793351
activated,workbench,org.eclipse.ui.workbench,3.7.0.I20110519-0100,"",1432393793585
deactivated,workbench,org.eclipse.ui.workbench,3.7.0.I20110519-0100,"",1432394865697
deactivated,workbench,org.eclipse.ui.workbench,3.7.0.I20110519-0100,"",1432396316952
deactivated,workbench,org.eclipse.ui.workbench,3.7.0.I20110519-0100,"",1432396321034
activated,workbench,org.eclipse.ui.workbench,3.7.0.I20110519-0100,"",1432396343417
deactivated,workbench,org.eclipse.ui.workbench,3.7.0.I20110519-0100,"",1432396371031
activated,workbench,org.eclipse.ui.workbench,3.7.0.I20110519-0100,"",1432396600154
deactivated,workbench,org.eclipse.ui.workbench,3.7.0.I20110519-0100,"",1432396635246
activated,workbench,org.eclipse.ui.workbench,3.7.0.I20110519-0100,"",1432396638312
closed,workbench,org.eclipse.ui.workbench,3.7.0.I20110519-0100,"",1432396638527
started,bundle,org.eclipse.compare.core,3.5.200.I20110208-0800,"org.eclipse.compare.core",1432396638841
started,bundle,org.eclipse.compare,3.5.200.I20110525-0800,"org.eclipse.compare",1432396638848
stopped,bundle,org.eclipse.jst.ws.axis.creation.ui,1.0.700.v201104070312,"org.eclipse.jst.ws.axis.creation.ui",1432396639076
stopped,bundle,org.eclipse.jst.ws.axis.consumption.ui,1.0.505.v201004211805,"org.eclipse.jst.ws.axis.consumption.ui",1432396639077
stopped,bundle,org.eclipse.jst.ws.axis.consumption.core,1.0.407.v201104071820,"org.eclipse.jst.ws.axis.consumption.core",1432396639078
stopped,bundle,org.eclipse.jst.ws.axis2.creation.ui,1.0.104.v201004211805,"org.eclipse.jst.ws.axis2.creation.ui",1432396639079
stopped,bundle,org.eclipse.jst.ws.axis2.consumption.ui,1.0.103.v201004211805,"org.eclipse.jst.ws.axis2.consumption.ui",1432396639081
stopped,bundle,org.eclipse.jst.ws.axis2.creation.core,1.0.106.v201004211805,"org.eclipse.jst.ws.axis2.creation.core",1432396639082
stopped,bundle,org.eclipse.jst.ws.axis2.consumption.core,1.0.105.v201004211805,"org.eclipse.jst.ws.axis2.consumption.core",1432396639083
stopped,bundle,org.eclipse.jst.ws.axis2.ui,1.0.303.v201003110431,"org.eclipse.jst.ws.axis2.ui",1432396639084
stopped,bundle,org.eclipse.jst.ws.axis2.core,1.0.204.v201004211805,"org.eclipse.jst.ws.axis2.core",1432396639085
stopped,bundle,org.eclipse.jst.ws.cxf.creation.ui,1.0.100.v201104022153,"org.eclipse.jst.ws.cxf.creation.ui",1432396639087
stopped,bundle,org.eclipse.jst.ws.creation.ui,1.0.609.v201103082016,"org.eclipse.jst.ws.creation.ui",1432396639088
stopped,bundle,org.eclipse.jst.ws.cxf.consumption.ui,1.0.0.v201003222311,"org.eclipse.jst.ws.cxf.consumption.ui",1432396639089
stopped,bundle,org.eclipse.jst.ws.consumption.ui,1.1.400.v201103082016,"org.eclipse.jst.ws.consumption.ui",1432396639091
stopped,bundle,org.eclipse.jst.ws.consumption,1.0.600.v201103082016,"org.eclipse.jst.ws.consumption",1432396639093
stopped,bundle,org.eclipse.jst.ws.cxf.consumption.core,1.0.0.v201003222311,"org.eclipse.jst.ws.cxf.consumption.core",1432396639094
stopped,bundle,org.eclipse.jst.ws.cxf.creation.core,1.0.100.v201104022153,"org.eclipse.jst.ws.cxf.creation.core",1432396639096
stopped,bundle,org.eclipse.jst.ws.cxf.ui,1.0.0.v201004171919,"org.eclipse.jst.ws.cxf.ui",1432396639098
stopped,bundle,org.eclipse.jst.ws.cxf.core,1.0.100.v201104022153,"org.eclipse.jst.ws.cxf.core",1432396639099
stopped,bundle,org.eclipse.jst.ws.uddiregistry,1.0.500.v201004211805,"org.eclipse.jst.ws.uddiregistry",1432396639101
stopped,bundle,org.eclipse.jst.ws.ui,1.0.403.v201004211805,"org.eclipse.jst.ws.ui",1432396639102
stopped,bundle,org.eclipse.jst.ws,1.0.508.v201104071820,"org.eclipse.jst.ws",1432396639104
stopped,bundle,org.eclipse.wst.ws.explorer,1.0.607.v201103082002,"org.eclipse.wst.ws.explorer",1432396639106
stopped,bundle,org.eclipse.wst.wsdl.ui,1.2.402.v201105050214,"org.eclipse.wst.wsdl.ui",1432396639107
stopped,bundle,org.eclipse.wst.ws.ui,1.1.200.v201004211805,"org.eclipse.wst.ws.ui",1432396639108
